<?xml version="1.0" encoding="UTF-8"?>
<project-private xmlns="http://www.netbeans.org/ns/project-private/1">
    <editor-bookmarks xmlns="http://www.netbeans.org/ns/editor-bookmarks/2" lastBookmarkId="0"/>
    <open-files xmlns="http://www.netbeans.org/ns/projectui-open-files/2">
        <group>
            <file>file:/C:/Users/andon/Downloads/CourierServicesVersionAndonivfinal/src/colas/Cola.java</file>
            <file>file:/C:/Users/andon/Downloads/CourierServicesVersionAndonivfinal/src/miGestión/GestiónMensajería.java</file>
            <file>file:/C:/Users/andon/Downloads/CourierServicesVersionAndonivfinal/src/mis/clases/ClienteCorporativo.java</file>
            <file>file:/C:/Users/andon/Downloads/CourierServicesVersionAndonivfinal/src/mis/clases/Tarificador.java</file>
            <file>file:/C:/Users/andon/Downloads/CourierServicesVersionAndonivfinal/src/mis/clases/Comprobante.java</file>
        </group>
    </open-files>
</project-private>
